{
  "templateKey": "hair_accessories",
  "templateName": "Hair Accessories",
  "exportRules": {
    "excludeUnmapped": true,
    "requiredFieldKey": "sku",
    "dropRowIfBlankKeys": [
      "sku"
    ]
  },
  "fields": [
    {
      "key": "manufacturer_name_and_address_with_pincode",
      "label": "Manufacturer Name and Address with Pincode",
      "type": "text"
    },
    {
      "key": "packer_name_and_address_with_pincode",
      "label": "Packer Name and Address with Pincode",
      "type": "text"
    },
    {
      "key": "importer_name_and_address_with_pincode",
      "label": "Importer Name and Address with Pincode",
      "type": "text"
    },
    {
      "key": "brand_name",
      "label": "Brand Name",
      "type": "text"
    },
    {
      "key": "title",
      "label": "Title",
      "type": "text"
    },
    {
      "key": "description",
      "label": "Description",
      "type": "text"
    },
    {
      "key": "article_type",
      "label": "Article Type",
      "type": "text"
    },
    {
      "key": "accessory_style",
      "label": "Accessory Style",
      "type": "text"
    },
    {
      "key": "hair_type_compatibility",
      "label": "Hair Type Compatibility",
      "type": "text"
    },
    {
      "key": "design_theme",
      "label": "Design / Theme",
      "type": "text"
    },
    {
      "key": "number_of_items",
      "label": "Number of Items",
      "type": "text"
    },
    {
      "key": "colour",
      "label": "Colour",
      "type": "text"
    },
    {
      "key": "size",
      "label": "Size",
      "type": "text"
    },
    {
      "key": "style_id",
      "label": "Style ID",
      "type": "text"
    },
    {
      "key": "sku",
      "label": "SKU Code",
      "type": "text"
    },
    {
      "key": "ean",
      "label": "EAN",
      "type": "text"
    },
    {
      "key": "country_of_origin",
      "label": "Country Of Origin",
      "type": "text"
    },
    {
      "key": "gtin",
      "label": "GTIN",
      "type": "text"
    },
    {
      "key": "hsn",
      "label": "HSN",
      "type": "text"
    },
    {
      "key": "mrp",
      "label": "MRP",
      "type": "text"
    },
    {
      "key": "gender",
      "label": "Gender",
      "type": "text"
    },
    {
      "key": "material",
      "label": "Material",
      "type": "text"
    },
    {
      "key": "washable",
      "label": "Washable",
      "type": "text"
    },
    {
      "key": "water_resistant",
      "label": "Water Resistant",
      "type": "text"
    },
    {
      "key": "handcrafted_handmade",
      "label": "Handcrafted / Handmade",
      "type": "text"
    },
    {
      "key": "eco_friendly",
      "label": "Eco-Friendly",
      "type": "text"
    },
    {
      "key": "reversible",
      "label": "Reversible",
      "type": "text"
    },
    {
      "key": "closure_type",
      "label": "Closure Type",
      "type": "text"
    },
    {
      "key": "occasion",
      "label": "Occasion",
      "type": "text"
    },
    {
      "key": "warranty",
      "label": "Warranty",
      "type": "text"
    },
    {
      "key": "care_instructions",
      "label": "Care Instructions",
      "type": "text"
    },
    {
      "key": "is_returnable",
      "label": "Is Returnable",
      "type": "text"
    },
    {
      "key": "additional_features",
      "label": "Additional Features",
      "type": "text"
    },
    {
      "key": "front_image",
      "label": "Front Image",
      "type": "image",
      "autoMap": "position=1"
    },
    {
      "key": "back_image",
      "label": "Back Image",
      "type": "image",
      "autoMap": "position=2"
    },
    {
      "key": "side_image",
      "label": "Side Image",
      "type": "image",
      "autoMap": "position=3"
    },
    {
      "key": "detail_angle",
      "label": "Detail Angle",
      "type": "image",
      "autoMap": "position=4"
    },
    {
      "key": "look_shot_image",
      "label": "Look Shot Image",
      "type": "text"
    },
    {
      "key": "lifestyle_image",
      "label": "Lifestyle Image",
      "type": "text"
    },
    {
      "key": "length_x_width_x_height_in_cm_or_inch",
      "label": "Length x Width x Height in cm or Inch",
      "type": "text"
    },
    {
      "key": "weight_in_gram_kg",
      "label": "Weight in Gram & Kg",
      "type": "text"
    }
  ]
}