{
  "templateKey": "bags_&_luggage",
  "templateName": "Bags & Luggage",
  "exportRules": {
    "excludeUnmapped": true,
    "requiredFieldKey": "sku",
    "dropRowIfBlankKeys": [
      "sku"
    ]
  },
  "fields": [
    {
      "key": "manufacturer_name_and_address_with_pincode",
      "label": "Manufacturer Name and Address with Pincode",
      "type": "text"
    },
    {
      "key": "packer_name_and_address_with_pincode",
      "label": "Packer Name and Address with Pincode",
      "type": "text"
    },
    {
      "key": "importer_name_and_address_with_pincode",
      "label": "Importer Name and Address with Pincode",
      "type": "text"
    },
    {
      "key": "product_handle",
      "label": "Product Handle",
      "type": "text"
    },
    {
      "key": "product_brand",
      "label": "Product Brand",
      "type": "text"
    },
    {
      "key": "product_title",
      "label": "Product Title",
      "type": "text"
    },
    {
      "key": "product_description",
      "label": "Product Description",
      "type": "text"
    },
    {
      "key": "article_type",
      "label": "Article Type",
      "type": "text"
    },
    {
      "key": "item_type",
      "label": "Item Type",
      "type": "text"
    },
    {
      "key": "model_name___number",
      "label": "Model Name / Number",
      "type": "text"
    },
    {
      "key": "number_of_items",
      "label": "Number of Items",
      "type": "text"
    },
    {
      "key": "colour",
      "label": "Colour",
      "type": "text"
    },
    {
      "key": "bag_size",
      "label": "Bag Size",
      "type": "text"
    },
    {
      "key": "style_id",
      "label": "Style ID",
      "type": "text"
    },
    {
      "key": "sku_code",
      "label": "SKU Code",
      "type": "text"
    },
    {
      "key": "ean",
      "label": "EAN",
      "type": "text"
    },
    {
      "key": "country_of_origin",
      "label": "Country Of Origin",
      "type": "text"
    },
    {
      "key": "gtin",
      "label": "GTIN",
      "type": "text"
    },
    {
      "key": "hsn",
      "label": "HSN",
      "type": "text"
    },
    {
      "key": "mrp",
      "label": "MRP",
      "type": "text"
    },
    {
      "key": "gender",
      "label": "Gender",
      "type": "text"
    },
    {
      "key": "material",
      "label": "Material",
      "type": "text"
    },
    {
      "key": "inner_lining_material",
      "label": "Inner Lining Material",
      "type": "text"
    },
    {
      "key": "water_resistant",
      "label": "Water Resistant",
      "type": "text"
    },
    {
      "key": "handle_type",
      "label": "Handle Type",
      "type": "text"
    },
    {
      "key": "strap_type",
      "label": "Strap Type",
      "type": "text"
    },
    {
      "key": "laptop_compartment_size",
      "label": "Laptop Compartment Size",
      "type": "text"
    },
    {
      "key": "compartment_padding_details",
      "label": "Compartment Padding Details",
      "type": "text"
    },
    {
      "key": "padded_shoulder_strap",
      "label": "Padded Shoulder Strap",
      "type": "text"
    },
    {
      "key": "card_slot_counts",
      "label": "Card Slot Counts",
      "type": "text"
    },
    {
      "key": "finish",
      "label": "Finish",
      "type": "text"
    },
    {
      "key": "closure_type",
      "label": "Closure Type",
      "type": "text"
    },
    {
      "key": "types_of_wheels",
      "label": "Types of Wheels",
      "type": "text"
    },
    {
      "key": "volume_in_litres",
      "label": "Volume in Litres",
      "type": "text"
    },
    {
      "key": "compartments_types",
      "label": "Compartments Types",
      "type": "text"
    },
    {
      "key": "number_of_compartments",
      "label": "Number of Compartments",
      "type": "text"
    },
    {
      "key": "external_pocket",
      "label": "External Pocket",
      "type": "text"
    },
    {
      "key": "internal_pocket",
      "label": "Internal Pocket",
      "type": "text"
    },
    {
      "key": "expandable",
      "label": "Expandable",
      "type": "text"
    },
    {
      "key": "number_of_chains",
      "label": "Number of Chains",
      "type": "text"
    },
    {
      "key": "pattern_type",
      "label": "Pattern Type",
      "type": "text"
    },
    {
      "key": "warranty",
      "label": "Warranty",
      "type": "text"
    },
    {
      "key": "care_instructions",
      "label": "Care Instructions",
      "type": "text"
    },
    {
      "key": "is_returnable",
      "label": "Is Returnable",
      "type": "text"
    },
    {
      "key": "usage",
      "label": "Usage",
      "type": "text"
    },
    {
      "key": "season",
      "label": "Season",
      "type": "text"
    },
    {
      "key": "fashion_type",
      "label": "Fashion Type",
      "type": "text"
    },
    {
      "key": "additional_features",
      "label": "Additional Features",
      "type": "text"
    },
    {
      "key": "front_image",
      "label": "Front Image",
      "type": "image",
      "autoMap": "position=1"
    },
    {
      "key": "back_image",
      "label": "Back Image",
      "type": "image",
      "autoMap": "position=2"
    },
    {
      "key": "side_image",
      "label": "Side Image",
      "type": "image",
      "autoMap": "position=3"
    },
    {
      "key": "detail_angle",
      "label": "Detail Angle",
      "type": "text"
    },
    {
      "key": "look_shot_image",
      "label": "Look Shot Image",
      "type": "image"
    },
    {
      "key": "lifestyle_image",
      "label": "Lifestyle Image",
      "type": "image",
      "autoMap": "position=5"
    },
    {
      "key": "length_x_width_x_height_in_cm",
      "label": "Length x Width x Height in cm",
      "type": "text"
    },
    {
      "key": "weight_in_gram_or_kg",
      "label": "Weight in gram or kg",
      "type": "text"
    }
  ]
}