{
  "templateKey": "watches",
  "templateName": "Watches",
  "exportRules": {
    "excludeUnmapped": true,
    "requiredFieldKey": "sku",
    "dropRowIfBlankKeys": [
      "sku"
    ]
  },
  "fields": [
    {
      "key": "manufacturer_name_and_address_with_pincode",
      "label": "Manufacturer Name and Address with Pincode",
      "type": "text"
    },
    {
      "key": "packer_name_and_address_with_pincode",
      "label": "Packer Name and Address with Pincode",
      "type": "text"
    },
    {
      "key": "importer_name_and_address_with_pincode",
      "label": "Importer Name and Address with Pincode",
      "type": "text"
    },
    {
      "key": "product_handle",
      "label": "Product Handle",
      "type": "text"
    },
    {
      "key": "product_brand",
      "label": "Product Brand",
      "type": "text"
    },
    {
      "key": "product_title",
      "label": "Product Title",
      "type": "text"
    },
    {
      "key": "product_description",
      "label": "Product Description",
      "type": "text"
    },
    {
      "key": "article_type",
      "label": "Article Type",
      "type": "text"
    },
    {
      "key": "watch_type",
      "label": "Watch Type",
      "type": "text"
    },
    {
      "key": "multipack_set",
      "label": "Multipack Set",
      "type": "text"
    },
    {
      "key": "strap_colour",
      "label": "Strap Colour",
      "type": "text"
    },
    {
      "key": "dial_colour",
      "label": "Dial Colour",
      "type": "text"
    },
    {
      "key": "standard_size",
      "label": "Standard Size",
      "type": "text"
    },
    {
      "key": "style_id",
      "label": "Style ID",
      "type": "text"
    },
    {
      "key": "sku_code",
      "label": "SKU Code",
      "type": "text"
    },
    {
      "key": "ean",
      "label": "EAN",
      "type": "text"
    },
    {
      "key": "country_of_origin",
      "label": "Country Of Origin",
      "type": "text"
    },
    {
      "key": "gtin",
      "label": "GTIN",
      "type": "text"
    },
    {
      "key": "hsn",
      "label": "HSN",
      "type": "text"
    },
    {
      "key": "mrp",
      "label": "MRP",
      "type": "text"
    },
    {
      "key": "gender",
      "label": "Gender",
      "type": "text"
    },
    {
      "key": "type",
      "label": "Type",
      "type": "text"
    },
    {
      "key": "strap_colour",
      "label": "Strap Colour",
      "type": "text"
    },
    {
      "key": "strap_material",
      "label": "Strap Material",
      "type": "text"
    },
    {
      "key": "strap_style",
      "label": "Strap Style",
      "type": "text"
    },
    {
      "key": "case_material",
      "label": "Case Material",
      "type": "text"
    },
    {
      "key": "glass_material",
      "label": "Glass Material",
      "type": "text"
    },
    {
      "key": "scratch_resistance",
      "label": "Scratch Resistance",
      "type": "text"
    },
    {
      "key": "dial_colour",
      "label": "Dial Colour",
      "type": "text"
    },
    {
      "key": "dial_shape",
      "label": "Dial Shape",
      "type": "text"
    },
    {
      "key": "dial_material",
      "label": "Dial Material",
      "type": "text"
    },
    {
      "key": "dial_pattern",
      "label": "Dial Pattern",
      "type": "text"
    },
    {
      "key": "movement_type",
      "label": "Movement Type",
      "type": "text"
    },
    {
      "key": "power_source",
      "label": "Power Source",
      "type": "text"
    },
    {
      "key": "display_type",
      "label": "Display Type",
      "type": "text"
    },
    {
      "key": "closure_type",
      "label": "Closure Type",
      "type": "text"
    },
    {
      "key": "water_resistance",
      "label": "Water Resistance",
      "type": "text"
    },
    {
      "key": "usage",
      "label": "Usage",
      "type": "text"
    },
    {
      "key": "fashion_type",
      "label": "Fashion Type",
      "type": "text"
    },
    {
      "key": "season",
      "label": "Season",
      "type": "text"
    },
    {
      "key": "warranty",
      "label": "Warranty",
      "type": "text"
    },
    {
      "key": "functionalities",
      "label": "Functionalities",
      "type": "text"
    },
    {
      "key": "feature_type",
      "label": "Feature Type",
      "type": "text"
    },
    {
      "key": "bluetooth_enabled",
      "label": "Bluetooth Enabled",
      "type": "text"
    },
    {
      "key": "touchscreen",
      "label": "Touchscreen",
      "type": "text"
    },
    {
      "key": "gps_enabled",
      "label": "GPS Enabled",
      "type": "text"
    },
    {
      "key": "number_of_items",
      "label": "Number of Items",
      "type": "text"
    },
    {
      "key": "compatible_os",
      "label": "Compatible OS",
      "type": "text"
    },
    {
      "key": "battery_life",
      "label": "Battery Life",
      "type": "text"
    },
    {
      "key": "model_name",
      "label": "Model Name",
      "type": "text"
    },
    {
      "key": "model_number",
      "label": "Model Number",
      "type": "text"
    },
    {
      "key": "collection_year",
      "label": "Collection Year",
      "type": "text"
    },
    {
      "key": "care_instructions",
      "label": "Care Instructions",
      "type": "text"
    },
    {
      "key": "is_returnable",
      "label": "Is Returnable",
      "type": "text"
    },
    {
      "key": "dial_size_in_mm",
      "label": "Dial Size in mm",
      "type": "text"
    },
    {
      "key": "case_thickness_in_mm",
      "label": "Case Thickness in mm",
      "type": "text"
    },
    {
      "key": "strap_width_in_mm",
      "label": "Strap Width in mm",
      "type": "text"
    },
    {
      "key": "weight_in_g",
      "label": "Weight in g",
      "type": "text"
    },
    {
      "key": "front_image",
      "label": "Front Image",
      "type": "image",
      "autoMap": "position=1"
    },
    {
      "key": "back_image",
      "label": "Back Image",
      "type": "image",
      "autoMap": "position=2"
    },
    {
      "key": "side_image",
      "label": "Side Image",
      "type": "image",
      "autoMap": "position=3"
    },
    {
      "key": "detail_angle",
      "label": "Detail Angle",
      "type": "text"
    },
    {
      "key": "lifestyle",
      "label": "Lifestyle",
      "type": "text"
    }
  ]
}