{
  "templateKey": "jewellery",
  "templateName": "Jewellery",
  "exportRules": {
    "excludeUnmapped": true,
    "requiredFieldKey": "sku",
    "dropRowIfBlankKeys": [
      "sku"
    ]
  },
  "fields": [
    {
      "key": "manufacturer_name_and_address_with_pincode",
      "label": "Manufacturer Name and Address with Pincode",
      "type": "text"
    },
    {
      "key": "packer_name_and_address_with_pincode",
      "label": "Packer Name and Address with Pincode",
      "type": "text"
    },
    {
      "key": "importer_name_and_address_with_pincode",
      "label": "Importer Name and Address with Pincode",
      "type": "text"
    },
    {
      "key": "product_handle",
      "label": "Product Handle",
      "type": "text"
    },
    {
      "key": "product_brand",
      "label": "Product Brand",
      "type": "text"
    },
    {
      "key": "product_title",
      "label": "Product Title",
      "type": "text"
    },
    {
      "key": "product_description",
      "label": "Product Description",
      "type": "text"
    },
    {
      "key": "article_type",
      "label": "Article Type",
      "type": "text"
    },
    {
      "key": "art_type",
      "label": "Art Type",
      "type": "text"
    },
    {
      "key": "number_of_items",
      "label": "Number of Items",
      "type": "text"
    },
    {
      "key": "colour",
      "label": "Colour",
      "type": "text"
    },
    {
      "key": "size",
      "label": "Size",
      "type": "text"
    },
    {
      "key": "style_id",
      "label": "Style ID",
      "type": "text"
    },
    {
      "key": "sku_code",
      "label": "SKU Code",
      "type": "text"
    },
    {
      "key": "ean",
      "label": "EAN",
      "type": "text"
    },
    {
      "key": "country_of_origin",
      "label": "Country Of Origin",
      "type": "text"
    },
    {
      "key": "gtin",
      "label": "GTIN",
      "type": "text"
    },
    {
      "key": "hsn",
      "label": "HSN",
      "type": "text"
    },
    {
      "key": "mrp",
      "label": "MRP",
      "type": "text"
    },
    {
      "key": "gender",
      "label": "Gender",
      "type": "text"
    },
    {
      "key": "fabric",
      "label": "Fabric",
      "type": "text"
    },
    {
      "key": "fabric_composition_in_%",
      "label": "Fabric Composition in %",
      "type": "text"
    },
    {
      "key": "fit_type",
      "label": "Fit Type",
      "type": "text"
    },
    {
      "key": "product_length",
      "label": "Product Length",
      "type": "text"
    },
    {
      "key": "season",
      "label": "Season",
      "type": "text"
    },
    {
      "key": "occasion",
      "label": "Occasion",
      "type": "text"
    },
    {
      "key": "hemline",
      "label": "Hemline",
      "type": "text"
    },
    {
      "key": "fashion_types",
      "label": "Fashion Types",
      "type": "text"
    },
    {
      "key": "sleeve_length",
      "label": "Sleeve Length",
      "type": "text"
    },
    {
      "key": "sleeve_style",
      "label": "Sleeve Style",
      "type": "text"
    },
    {
      "key": "closure_type",
      "label": "Closure Type",
      "type": "text"
    },
    {
      "key": "number_of_pockets",
      "label": "Number of Pockets",
      "type": "text"
    },
    {
      "key": "collar_type",
      "label": "Collar Type",
      "type": "text"
    },
    {
      "key": "neckline",
      "label": "Neckline",
      "type": "text"
    },
    {
      "key": "detailing_surface",
      "label": "Detailing Surface",
      "type": "text"
    },
    {
      "key": "pattern_type",
      "label": "Pattern Type",
      "type": "text"
    },
    {
      "key": "lining",
      "label": "Lining",
      "type": "text"
    },
    {
      "key": "transparency",
      "label": "Transparency",
      "type": "text"
    },
    {
      "key": "wash_care",
      "label": "Wash Care",
      "type": "text"
    },
    {
      "key": "blouse_length",
      "label": "Blouse Length",
      "type": "text"
    },
    {
      "key": "knit_or_woven",
      "label": "Knit or Woven",
      "type": "text"
    },
    {
      "key": "stretchable",
      "label": "Stretchable",
      "type": "text"
    },
    {
      "key": "returnable",
      "label": "Returnable",
      "type": "text"
    },
    {
      "key": "front_image",
      "label": "Front Image",
      "type": "image",
      "autoMap": "position=1"
    },
    {
      "key": "back_image",
      "label": "Back Image",
      "type": "image",
      "autoMap": "position=2"
    },
    {
      "key": "side_image",
      "label": "Side Image",
      "type": "image",
      "autoMap": "position=3"
    },
    {
      "key": "detail_angle",
      "label": "Detail Angle",
      "type": "text"
    },
    {
      "key": "look_shot_image",
      "label": "Look Shot Image",
      "type": "image"
    },
    {
      "key": "lifestyle_image",
      "label": "Lifestyle Image",
      "type": "image",
      "autoMap": "position=5"
    },
    {
      "key": "size_chart_image",
      "label": "Size Chart Image",
      "type": "image"
    },
    {
      "key": "saree_length_(mtr)",
      "label": "Saree Length (Mtr)",
      "type": "text"
    },
    {
      "key": "blouse_length_(mtr)",
      "label": "Blouse Length (Mtr)",
      "type": "text"
    },
    {
      "key": "saree_width_(mtr)",
      "label": "Saree Width (Mtr)",
      "type": "text"
    }
  ]
}